100022158@N04||jubilee.labradoodles
100087960@N03||C.M. Deathless Moments
100133197@N02||xmolina
100134623@N07||BarrowBells
10013746@N08||syrea2001
100142027@N04||Inspirational Food
100153242@N05||gorodkov
100153699@N08||DanPage75
100170011@N07||Russell Ganzi
101002236@N08||Speed Of Life Tours
10002536@N02||Thomas Hackl
100086033@N07||fcitta
10012147@N04||mx.
10018187@N08||wbpartridge
10019779@N00||varunkrish
100211909@N08||tomger2008
100224830@N05||mikeandmayo
10025111@N07||geek4rent
10012300@N04||topfife
10026699@N07||eatmorechips
10025276@N03||Jim Donnelly
10027425@N08||charlotteshj
10029535@N06||Gary Storts
10028574@N02||Jorbasa
10030310@N08||KristinieC
10012675@N05||darapo
10031454@N05||david.stabb
10036782@N04||Gooseherder
10031363@N00||spDuchamp
10039615@N06||Paul Brock Photography
10042412@N04||grahamulous
10046241@N08||raslgo
10054853@N00||Dennis Goedegebuure
10055204@N00||Toshio Kuratomi
10072729@N07||bjornlammers
10072878@N04||curtsybear
100403416@N05||Rszend
100297489@N07||andreacornez
10055590@N08||Aunti Juli
10011817@N00||Kevin Goebel
10058483@N00||puroticorico
10059155@N05||george.bremer
100620478@N03||stevenw12339
100617112@N07||olgapepe
10047629@N04||vetaturfumare
10065795@N00||dwightsghost
10065047@N00||frostis
10068791@N08||wirehead2501
10069023@N00||Charkrem
10070485@N08||Erik.N
10069045@N00||foshie
10073195@N00||travelertrish
10071313@N04||My.Aegean.gr student initiative
10062708@N00||como_un_pez_en_el_agua
10073802@N06||subsider34
100740648@N04||Connor J Burton
10075761@N00||kshep
100768446@N04||E.Berdy Photography
10074820@N05||prana widakso
10077637@N02||richard_munden
10078048@N05||kenco
10078156@N04||grnach
10079095@N04||Jason Seliskar
100815078@N03||Sarah Gregg | Italy
10084161@N05||ATOMIC LLC
10079170@N00||Erasmo Perez
10086248@N07||littlepomegranate
100848264@N06||Schmithe
10087938@N02||bennovakovic
10087121@N03||NVJ
10088577@N00||lxsocon
10088550@N00||YoTuT
100895643@N03||matthew.fuentes
10088890@N07||http://underclassrising.net/
10091295@N02||Simon Bradshaw
10092242@N00||Graham Coreil-Allen
10100147@N06||kzuhr
10102464@N05||gcmenezes
10103512@N04||Lambski
10102836@N00||Photological
10106382@N07||The Sandridge's
10110233@N07||Photo Tower
101107563@N06||svenf12
101171663@N02||AndreasMP1
10127265@N02||FoodCultura
10081417@N00||deadoll
10065600@N02||ferlomu
100915417@N07||charlieishere@btinternet.com
10101620@N07||maurobrock
10100233@N04||busch63
10105735@N02||kinderm
100899678@N06||DonMiller_ToGo
101060945@N07||Housetier84
10104349@N08||off.koss
101102803@N06||Adam J Skowronski
10115947@N02||Victor Baez R
10115973@N05||foto_dobbin
10117222@N04||~Ealasaid~
101136409@N06||frnkmr
10122600@N02||Richard Burkinshaw
10116041@N02||sierravalleygirl
10125052@N00||calwhiz
10127072@N04||bayerberg
10129939@N08||miguelphotobooth
101269238@N08||*snowwhite*
10123180@N04||bhenak
10128633@N07||melloveschallah
10131618@N00||Gilrane
101308453@N03||Pear Tree House
10131865@N02||Songkran
10137764@N00||nengard
10138768@N04||stablemechanism
101411026@N02||Li Wenhui
10143660@N06||Astridsd
101330524@N02||NicholasShore
10132214@N02||WoodysWorldTV
10148771@N05||idrinktea
10144220@N02||WindRanch
101515262@N02||Team Barnato
101490213@N04||chanutdominique
101539667@N06||Self-forming Streams
10154305@N00||aratuk
10154734@N06||dgazdar
101518490@N08||Rafa Win
10155364@N00||awmyl
101566089@N03||veitinho
10149612@N08||Vince Millett
10157840@N03||mitchell3417
10132465@N02||rodriguezdan
10158179@N06||E01
10158670@N00||cpence
10155443@N00||Trent Strohm
10159442@N00||colm.mcmullan
101603205@N02||PALACETE FORTUNY
101606690@N07||pinkylu113021
10161657@N08||eduardsb
10163689@N00||su_anna
10164012@N00||yourbartender
10166323@N04||Jonathan SCE
10167516@N04||theflickrangle
10168721@N02||The_Magician
10164786@N00||TofflerAnn
101709991@N06||Peter R Steward
10171285@N04||jome jome
10171879@N06||fabiofotografie
10159247@N04||Rusty Russ
10175347@N00||Justene
10175970@N00||mateoutah
10175246@N08||psyberartist
10170210@N03||SergioVerzier Photography
10179711@N00||mariaalana
10180156@N08||jsrcyclist
10177477@N00||DaveAustria.com
10182328@N02||Jon and Lu
10181076@N08||fprado
10182692@N08||sleepjunky
10184992@N06||Fraintesa.it
10185407@N03||cathpain
10187309@N02||Jim Whiteley
10187971@N07||Abnormally Weird
101884347@N06||tballandras
10188642@N00||rkumar1
101888686@N05||Ching Chung Wang
10188967@N07||Frnbrnks
10189552@N02||michaelhebb
10191001@N06||Martin Berglund
101927163@N06||d_santos83
10192726@N00||Anders Finn
10176662@N06||Barbara L. Slavin
10198809@N08||toddalert
101909076@N07||Don Mums
10199807@N00||Tom Gill.
10200903@N06||John Airaksinen
10204545@N02||jess_mcculloch
10163152@N03||tomraven
10202563@N05||Axel Schwenke
10205031@N07||Antonio Campoy Ederra
102079949@N03||Hiroky, PhotoPierre
10199958@N00||Emily Webber
10207456@N04||meltedplastic
10215004@N02||wizputer
10215377@N00||RebekahSue
10213764@N02||t r e v y
10217134@N04||thtbln
10217174@N02||angelabarison
10208972@N04||www.beontheroad.com
10216416@N00||redyamflan
10219516@N03||Dani Bora
10219954@N05||malh777
102237062@N02||Foster's Lightroom
10223849@N03||Wry&Ginger
10226584@N06||slasher-fun
10218635@N06||bill_bly_ca
10235866@N07||t027cwy
10229695@N08||Secret Pilgrim
10235948@N05||esutanto
10241058@N00||Thejas
10245465@N07||joostmarcellis , m-space
10247381@N02||Brad Frost
10246637@N04||Foreign and Commonwealth Office
10254060@N00||Aviad T
10249456@N08||festivals gallery
10246842@N00||paulrossman
10256165@N00||John Rees
10258866@N00||alex1derr
102593506@N07||BunkerAndMore
10259636@N05||Bryoz
10254455@N02||hamadryades
10239508@N07||mmmavocado
10260915@N05||InfoBear
10263754@N00||DDanzig
10260831@N02||den99
10267552@N00||Travelling Runes
10270266@N02||goto.champ
10267289@N02||Matthew Saindon
10270971@N05||Aram Perez
10271343@N00||desertdutchman
10271412@N02||Lancellotti Michele
10274647@N05||JDinBawlmer
10259139@N00||orngejuglr
10259776@N00||Stig Nygaard
10282671@N06||rhkennerly
102849085@N06||pirossarkany
10282509@N00||Jairus
10287726@N02||simononly
10288717@N02||pasipasi
10292464@N06||boingr
10294594@N00||steven_d_krause
102951256@N06||fuorigiocoit
10295204@N00||Becca Taylor
10297667@N06||lionel.viroulaud
10276398@N02||Giampaolo Squarcina
10288162@N07||y.caradec
10298573@N06||Cybergate9
10299912@N00||john85710
10303539@N00||Gorse Fox
10300462@N07||jeffledoux
10298101@N05||stevenconger@sbcglobal.net
10305258@N02||Gomezdegomera
10305294@N02||simonpbriggs1975
10299779@N03||HBarrison
10308578@N00||Arun Ganapathy
10308434@N08||Andrew Yun Photography
10310250@N02||Eilam Gil
103114400@N03||PDX Beer Geek
10315499@N05||jdholmes
10313677@N00||grievemere
10317126@N08||Olivier Pasco
10318705@N00||Barnaby_S
10318952@N07||Katiekills
10319453@N06||npatterson
10304090@N08||-{ thus }-
10321968@N07||Ed Rodley
10320165@N07||BudgieUK
10316629@N07||bigcityal
10322448@N04||cgo2
10322240@N00||La chica de las medias de rayas
10332960@N03||sardinista
10334255@N00||Lostwave
10323355@N08||jdpage
10335112@N05||Andrew Batram
10336528@N02||gernhaex
10336948@N00||marstheinfomage
10335667@N00||matt_stanford
10338784@N02||alastc
10340314@N03||blue lemon
10342776@N06||DanO'Connor
10345461@N02||charlottedallot
10345599@N03||Francisco Anzola
10346964@N06||denise_sc
10345328@N02||DavoPic
10348212@N07||skrubtudse
10349159@N08||NC_N8
103499652@N04||gidovd
10347442@N00||whistlepunch
10334169@N07||JeromeG111
10350347@N06||davie_the_amazing
10352343@N05||agapbulusan
10351901@N00||Mark Poblete
10352479@N07||Nikita Avvakumov
10353441@N02||Terry Christian Photo
10357368@N00||petrr
10357544@N07||amy.z
10359468@N08||Frenji's Adventures
10360941@N04||frits_jaap_harry
10354154@N05||AJ Yakstrangler
10358571@N08||James S Warwick
10364173@N06||djjeck
10366327@N00||Kinden K
10368418@N03||kortunov
10368815@N05||owen.iverson
103706303@N04||Shared Photos (Niko)
103713563@N05||Huang TJ
10372764@N03||lsbardel
10373719@N02||Randy Roe
10373806@N05||xdamman
103743784@N02||Justin26752675
10376085@N00||lharkness
10380092@N02||Harry Rose
10381509@N04||lglyspkng
10383800@N08||greg.road.trip
10383932@N04||SBirre
10384097@N08||matt.boman
10386854@N04||sabreguy29
10389467@N03||hastin_m
103961702@N04||gatechjr
10402568@N00||Fotoalbum dei Giullari di Dio
10403715@N00||Lauras512
10408765@N05||gabbo16286
10413802@N07||mistercrazydog
10423057@N04||anthony.towns
104268588@N08||ain2013berlin
104700454@N04||psdbiroupresa
10492949@N07||Kentucky Democratic Party
105070537@N03||DillardTracy
10362153@N03||voyageAnatolia.blogspot.com
10367435@N00||mnlamberson
10367722@N07||~He Shoots He Scores~
10389914@N05||nirbhao
103921337@N03||kevin.hackert
10392797@N03||So_P
103929680@N03||jluebeck
10393857@N03||U.S. Army Materiel Command
10395722@N06||Visit Hillsborough
10396813@N04||myeralan
10408507@N06||office for metropolitan cartography
10412222@N02||calipseo
103640007@N03||jrghika
10414249@N08||daneen_vol
10412734@N03||patzs
10420619@N06||smilepak
10418265@N08||Donna62
10413717@N08||Smabs Sputzer
10382046@N05||Vincent Bautes Photography www.vincentbautes.org
10422465@N00||paul-simpson.org
10431428@N00||jprdgz
10434252@N00||Heather and Mike
10435781@N04||H Robertson Photography
10438417@N00||Anand Krishnamoorthi
10440180@N03||Marijn de Vries Hoogerwerff
10441081@N07||objects of my affection
10444735@N02||roys.pictures
10446057@N00||amuchmoreexotic
104318263@N04||marcbi91
10421222@N06||Chris 861
10457163@N00||MB-GB
104572175@N06||zoanaa
10457645@N02||Bristol Motor Speedway & Dragway
10460752@N07||amandacingle
10463954@N00||toekneesan
10464117@N05||Times Up Linz
10464821@N05||Cecilia Heinen
10465946@N02||Zuth
10464850@N00||leomtxwebmaster
10468135@N08||colddayforpontooning
104669404@N07||dharrisphotog
10468828@N00||mante
10457155@N02||javier milara
10471642@N04||Yasunari Goto
10458591@N02||anjoseuf
10475830@N00||claudioruiz
10479690@N00||Jeremy and Christine
10468316@N06||pikadilly
10485077@N06||edenpictures
10486408@N00||ssedro
10482493@N05||randallvangurchom
10492670@N02||spero.shiropetto
10474439@N03||digypho
104736837@N03||Amsterdam City - urban portrait in photo pictures
10497479@N08||Antonio Rull
10501027@N08||gregouille
10501048@N00||ilchenearly
10490604@N08||Julien Mourlon
10502709@N05||Nelson Wu
10504217@N00||modernangel
10504927@N08||uncultured
10501805@N04||cj&erson
10499171@N00||Brian G. Wilson
10509134@N00||e pants
105094096@N08||pssbc10
10506176@N07||Manu_H
105105658@N03||ro016b
10512081@N00||eugene_o
10512012@N08||johnsons531
10516970@N03||Fiasco NY
10512161@N00||rickz
10519936@N07||Chris Walker Innerwealth
10523089@N06||thespeedyvespa
10523446@N08||ltimanot
10509256@N00||KaBooFa
10523850@N05||elisabetta2005
10524640@N03||joseanmomo
10524458@N05||jamiev_03
10528164@N08||Eric Cozzi
10506540@N07||stevendepolo
10527553@N03||captain.orange
10533228@N07||Super Tinks
10535702@N05||scotclose
10536337@N06||ldalcaraz
105373626@N06||LizziGoncalves
10538265@N05||LrEspino
10519343@N00||betterpharm
10545742@N06||mfmb_bentley
10546356@N00||Magagggie
10537200@N00||arcibald
105465124@N05||Deepansh Khurana
105412082@N04||nttpst / zenit12sd only
10546451@N00||denovich
10547107@N06||jpl1140
10532768@N05||sean cumiskey
10549323@N00||Brazen Pirate
10553544@N00||mturro
10553987@N02||ge'shmally
10555749@N08||_DarkGuru_
10556697@N00||_Ricky
10561941@N00||Ben Makuh
10562458@N06||catsandalien
10564935@N07||i-Lens
10565581@N05||Jman's Skittles
105592384@N07||takenji1989
105684364@N05||Oficina de Prensa Transbarca
10565876@N02||Nick|Allen
10572066@N03||olied
10563628@N04||larrybradshaw
10559879@N00||avlxyz
105726655@N06||susjoseph
10581108@N00||jencu
10582933@N04||kapa123
10574125@N04||JacobEnos
10585013@N00||Bright Meadow
10584474@N04||chilipeppered
10585427@N00||Skweezah
10585671@N00||Guillaume Lederrey
10573648@N05||Zest-pk
10588971@N05||NVinacco
10589348@N00||cnraether
10590618@N07||Kevin Leah
10595000@N00||thehoneybunny
10584185@N03||sharon.schneider
106015479@N08||vesso.kolev
10602166@N06||mario_ruckh
10596458@N08||fung1981
10604071@N00||soapbeard
10604632@N02||curran.kelleher
10606448@N00||ajharris
10588069@N00||(nz)dave
10609490@N03||goosie~gander (keeping in touch when I can)
106086788@N08||T.H. Images
10611153@N00||Traveling Diva
10602945@N00||Ricardo Castro
10615322@N07||Marco Mornati
106153498@N08||Jazz Spain
10617965@N07||texas_lvn_2000
10593124@N07||Armando Moreschi
10619879@N00||pauljennywilson
10620680@N08||lusciousblopster
10624839@N06||theevancarroll
106260595@N06||Frank Dauer
10626699@N03||Phil McIver
10627620@N06||R. Flores
10614970@N07||howzey
10630381@N03||magical-world
10634806@N08||demong
10632237@N07||zhaonameloc
10637290@N08||starsonvelvet
10637778@N00||Ted and Jen
10638396@N03||DrewOtt
10635683@N07||Ron Wiecki
10624993@N03||LeonidasGR
10639367@N00||Andre Sa
10645246@N05||FoXy_85
106466673@N04||kitesurftour_europe
10649646@N00||Jez Torrance
10646408@N06||Pantera and Mateusz
10651736@N02||ijr65
10652115@N07||heritagefutures
10649748@N04||Uffdah!!!
10655856@N04||Truus, Bob & Jan too!
10653408@N00||Alain Bachellier
10639412@N03||gandalf.blanco
10652225@N00||enric archivell
10660887@N06||Mark Ellam
10669637@N07||ckharland
10670915@N05||Jeremy Bronson
106712688@N06||xurxogg
10668055@N00||Pockafwye
10671903@N00||psgmag.net
10667300@N00||alecani
10671469@N02||ruflo
10672033@N04||Tilosone
10672313@N05||Mike White Photo!
10673321@N06||rvaphotodude
10677011@N03||Gord's Photos
10675856@N05||Glen Moffitt
10677920@N05||paulkimo90
10679492@N02||Philgo
10681104@N00||Miguel Rebollo
10682406@N07||BY CHEMA OLMEDO
10684558@N00||Jacinto Lajas
10684196@N04||Pet_r
106851106@N08||2013_ma_iskf@sbcglobal.net
10688869@N03||bonushenricus
106906638@N03||Theater PAN.OPTIKUM
10687935@N04||Robert S. Donovan
10687885@N05||[blu:]skin
10691324@N02||Abd Hadi
10686481@N00||tegla
10693387@N05||paulofierro
10693622@N02||eien no dreamer
10697382@N08||Gouldy99
106963474@N02||x020440
10698402@N07||3ds
10695125@N00||Luis, nada mas.
10700235@N06||ijohnpederson
10698035@N00||callmetim
107020919@N08||zoratti.andrea
10703825@N07||AndyGoodwin
10705232@N06||taquiman
10708196@N00||Old Miwl
107143015@N06||NiSSiX88
107161499@N08||armchi
107071881@N02||PORmeerkats
10706647@N02||Wiblick
10717857@N00||supercake
107232295@N04||osmedinburgh
10723629@N07||Anubhav Gupta
10720800@N07||Joe Buckingham
10727420@N00||globetravelers
10710442@N08||Steve Snodgrass
10724473@N03||AlexanderVisuals
10729240@N03||Roger Chang
107230605@N06||themeliroses
107421185@N07||TomSwift1977
10728961@N02||bramblejungle
10747684@N00||teachingsagittarian
10751498@N00||Wafel
10753294@N05||bpotter1942
10745821@N00||Belfegore
10761840@N00||missyann63
10762740@N07||lengliz_mourad
107733654@N04||liverpoolhls
10773470@N00||marina.krutchinsky
10778170@N07||dolescum
10779815@N03||columbialifechurch
10782364@N07||amhey
10782871@N00||mik_p
10795462@N03||Tigerbunny_db
10796563@N06||_ d 0 s e r _
10804497@N00||akumi800
10816422@N00||easymoneyrasta
108423427@N06||lacontra.espai
10732234@N07||paulmgardner
107571364@N07||frankyu72
10758109@N04||SandyEm
10752848@N07||energeticspell
10766754@N06||Alysha Koby
10768314@N00||wesleynitsckie
10766585@N07||austintaceous
10787737@N02||osseous
10783872@N00||Oaktown Pirate
10789705@N05||shine_blitz_on
10789832@N00||TexasEagle
10792283@N04||deartistzwei
10792703@N07||Curtis Cronn
10795283@N02||rumpelstiltskin1
10799526@N00||shrocket
10799351@N00||shannonpatrick17
10800393@N06||hospi-table
10800817@N02||EffingBoring
10801270@N02||benkamorvan
10803635@N00||druid labs
10757800@N00||Ping Timeout
10769059@N05||D.Reichardt
10807466@N03||Charlie Phillips
10807622@N00||Kiwi Flickr
10816734@N03||World Bank Photo Collection
10816493@N00||Kate B Dixon
10815565@N00||joseba garcia
10827141@N03||Dale Miller's kickball pictures
10828073@N06||namsdrawkcabeht
10829717@N07||lisleleete
10831255@N02||Kristoffer Larsson
10833081@N07||Chimpr
10835960@N06||Hussain_Quantum
10835983@N06||summonee
10836653@N05||deborah.soltesz
10817753@N03||Ulf Bodin
10837591@N08||avitaleshel
10838559@N00||dkuropatwa
10841945@N05||Mani-comio
108436468@N03||sanktuariumrokitno
10825788@N00||Janex & Alba
10844019@N04||chtitefourmi
10853120@N00||Nick Boalch
10853536@N00||iSalva
10855402@N02||Aniket Mone
10863444@N00||tukanuk
10863935@N07||Senpa
10867659@N00||sushibarista
10871787@N03||slacabos
10879384@N00||pablo_marx
10882106@N00||Ryan Gessner
10857883@N05||John6536
10883242@N06||Pascal Parent
10883933@N07||IvanWalsh.com
10888010@N05||<druida>
10888168@N06||Jennifer Kirkland
10889656@N04||songsthatsavedyourlife
10889802@N08||pmark35
10888421@N00||Gnal
10889935@N08||Darkr
10890283@N08||Jackal Lin
10895345@N00||calips96
10896102@N04||victor408
10896675@N00||eyeintim
10898754@N00||SP Foto's
10899234@N00||ainudil
10902897@N00||arsen.guschin
10899777@N02||ZakVTA
10903830@N04||Praxihelion
10905386@N06||davidpuma
10907058@N05||shogunangel
10909488@N03||robneild
10845359@N02||Parker Knight
10921509@N06||mighty stina
10922042@N02||Zombie Normal
10923152@N05||Fujin
10923487@N00||madcow_moo82
10923557@N06||Lou FCD
10926975@N00||Amnestic_Arts
10927826@N02||funkz
10927894@N00||thebrettburton
10918768@N00||skeggy
10930345@N02||terrypinder
10935230@N05||purplerabbits
10936890@N00||ian.greenleaf
10890249@N02||scottnj
109384787@N08||solmarch
10932175@N00||raindog
10942539@N00||frebro
10907465@N05||Kevin Cortopassi
10944699@N00||Rabbit Moon
10944816@N00||McRoberts
10948047@N03||nogbad the bad
10951712@N08||y6y6y6
10958763@N05||Matthew Brandt
109601337@N03||dbmorris1
10961873@N06||bmevans80
10964591@N04||annemossitty
109653216@N05||yoyope
10943716@N06||omefrans
10937855@N00||Elephi Pelephi
109661044@N07||Rob Schleiffert
10966121@N00||gpparker
10969741@N07||MaxH42
10970592@N04||aaronparecki
10966462@N02||penmanila
10972513@N07||OnePinkHippo
109754715@N07||TEDxAlcoi
10971365@N02||Alexys (El Abuelo)
10976003@N07||steffens77
10977194@N02||simon.hedge
10982319@N07||Javier Villar
10984112@N05||christophercjensen
10974123@N00||Luiyo
10984729@N05||TG650
10986694@N00||bombnomnom
109761073@N02||Mikail.B
10991543@N02||jf01350
10990944@N07||EmoHoernRockZ
10978503@N00||Glen Bowman
10992524@N00||bensnyder
10994273@N04||clg20171
10993581@N04||Image Gratification
10991567@N02||gibffe
10994342@N04||Margot Mood
10995091@N00||CA RO
110023887@N03||nepal.gu2013
11001549@N08||aortali1375
10996264@N00||Jason Means
11004691@N02||leupi
11005409@N06||rizkiekananda
11010507@N04||Dat-Man
11014386@N08||D-KFEM
11005666@N08||Jon Uleis
11018704@N06||Nina May
11014423@N07||ggallice
110215374@N05||tapesan1
11006205@N02||rklopfer
11022910@N00||rutty
11018968@N00||Editor B
11023966@N00||warrenhallett
11024830@N03||wiccahwang
11021585@N00||drumz63
11027972@N00||bensmithuk
11033219@N06||Morpheu5
11033521@N08||gavin rice
11036650@N00||gonuke
11023710@N00||kristina k. dymond
11036666@N08||Alexandra (Nessa) Gnatoush
11037560@N04||Beth M527
11043119@N00||cherbert
11047658@N07||philotes
11047740@N04||RichardRamos.Ccs
11046337@N07||mgsmith
110486717@N06||eric.nguyen1983
11047826@N00||DavidGeen
11054484@N04||weexpectedthis
11055525@N08||Hortolano
11056712@N00||angrysunbird
11060230@N03||Genthar
110608682@N04||hansbirger
11061314@N00||andsbands
11057422@N00||Our Hero
11009113@N08||newelly54
110652593@N07||mirah.vypravec
11053448@N08||masia vilalta
11061356@N05||tomazstolfa
11068240@N07||rggoldie
11064091@N00||alvarolg
11068455@N03||louderthanadam
11071871@N05||hsunaqua
11077573@N07||myboogers
11080385@N05||Ben+Sam
11082242@N05||kari_1981
11080284@N02||Anvica
11071053@N00||tim_d
11083093@N02||Ruben Swieringa
11086302@N00||mrmanc
11089303@N07||Re Alvarez
11089308@N04||Tan Cheng Joo
11085937@N02||Tab59
11087500@N03||Wolfyy
11090433@N05||Velnich
11090282@N06||Bob Jenkin
11090990@N06||morgraene
11091003@N02||trindade.joao
11091248@N00||Tomas Caspers
11091467@N00||dryfish
11069937@N08||Jukie Bot
11094198@N02||Dan Wuh
11096785@N08||karlos of syston
11099704@N02||the_vampire_hanna
11102586@N00||mehlam786
11103877@N00||seangraham
11105112@N00||Scuddr
11105764@N08||tesKing (Italy)
11107138@N00||patpayne79
11108468@N08||chronic-shock
11106589@N06||Danilo Trombela
11109910@N00||noecker
11090221@N04||push...design
11090497@N06||Evangelio Gonzalez MD
11112371@N03||j.gurian
11115374@N00||tell leo once
11116554@N08||jimdavidson
111102388@N08||Inlineskaterhockey Fotos
11114950@N06||andrey.mindryukov
11118440@N00||Cowgirl Jules
11118697@N02||CalyxAnn
11121475@N00||D E N Y
11118018@N00||Pickersgill Reef
111199501@N02||Tron Ra
11121568@N06||Alan Cleaver
11126789@N08||leonbarnard
111248326@N07||ESMAP_WB
11125094@N03||lecalife
111322145@N07||il Med
11124467@N02||Sharada Prasad
11133169@N03||titou.net
111305912@N04||euroswim2013
11133146@N03||Indiana Public Media
111339831@N02||Cowirrie
11128665@N08||Emilio J Santacoloma
11139974@N00||titanium22
111418632@N02||mousesquadca
11136034@N06||MDB 28
111453886@N05||inspiredbyart2
11134724@N06||worldwind0
11141655@N00||edifica
11146442@N00||Olivier Roux
11147000@N02||Wiepsel
11149651@N08||Oskar Ferm
11149626@N02||JHall159
11150364@N02||FourOhFour
11150575@N04||Tony Lloyd
11152891@N06||EcceAngelo
11146069@N00||Mononc' Paul
11154928@N04||Peter Black2007
11155423@N00||SSShupe
11155422@N00||monicaewagner
11161113@N02||rebonnett
11164872@N04||purolipan
111702510@N03||patrke
11170366@N05||cleguyadec
11159593@N06||Nadal92
11172699@N07||Timan Rebel
11170540@N03||Michiel van Minnen
11164365@N02||ULUCKA
11165681@N00||Lebatihem
11174321@N03||atomicforcemicroscope
11176374@N02||Rekel_
11176406@N05||Julio Biason
111820609@N08||youngcaritasvienna
11183182@N08||kitby
11178829@N00||Kimmo de Gooijer
11183658@N04||james_mcgiffen
11186459@N07||Lum2007
11188013@N00||davidgonoy
11188590@N03||gustavo madeira
11190696@N02||neighborhoods.org
11191108@N04||Fruitnet.com
111903423@N07||ohmu.g
11189545@N00||TOF2006
111943836@N08||zDilley
11194347@N00||ritchietherock
111947083@N02||pierre.sellin
11192111@N00||jerseysam
11191102@N07||Andrei.P
11196802@N03||~boonie
11199896@N00||Siebuhr
11204783@N03||jurjen_nl
11208948@N08||flowers.justin
11207385@N08||melissa.delzio
11217060@N02||lepetitmusee
11215573@N00||Maurice Svay
11217230@N00||Bill Glover
11217496@N03||acidka
11200613@N07||x4rop
11221312@N00||delarge
11225812@N06||danopticon
11223807@N04||Community Photography 'now & then'
11227369@N07||serdir
11231492@N07||DemConvention
11198399@N07||Signs & Public Lettering in Montreal
11222100@N06||giuseppe_boscarino
11231747@N04||kimtravels
11233864@N00||essny
11235727@N05||Daysleeper724
112358134@N07||c.joffroy
11240963@N08||dr_grijander
11228683@N02||varga.csalad
11245787@N02||Allison Stillwell Young
112460405@N05||mtnortcliff1
11247388@N00||sunshinecity
11249723@N02||turvyc
11249847@N00||Roro Fernandez
11248448@N07||marchenland
11250813@N04||thompson's gazelle
11253518@N07||SkeenaValleyGirl
11251332@N03||dihay
11256393@N07||michael_durden
11256400@N06||lapendeja
11234074@N05||Miwok.
11255390@N06||AlsoScott
11256454@N06||miltschek
11258990@N07||MGraupner
11261000@N00||rickeyre
11257308@N06||Romanus_too
11263028@N06||Lee445
11264282@N02||imke.stahlmann
11266603@N04||Chris_Moody
11267981@N03||JeBeL70
11268615@N00||pviojo
11268893@N05||Ariela R.
11269659@N02||stos532000
11261325@N03||pathlost
11271562@N00||aaronstrout
11272361@N08||jeffpyle
11273028@N00||Pot Noodle
112770934@N07||luis_e_carranza
11277986@N06||rickycliphoto
11271723@N00||cvogle
11279139@N00||ed___209
11280582@N02||loyaldefender2004
11283736@N07||BluFroGold
11284224@N00||jefferysclark
11279548@N02||CitySider
11286407@N08||pguilliatt
11293452@N00||Andrew | MotoGL.com
11285658@N00||hollyoh7
11289836@N00||GHackettNY
11294820@N07||F/Soalheiro
11302107@N05||shirokazan
11294595@N05||Alex Scarcella :: http://www.ccworld.it/
11303184@N05||asinquecualo
11304144@N00||Bob Doran
11305869@N04||D_P_R
113067008@N03||Aussie Dave B
11311591@N00||summitgrovecamp
113136179@N03||liandoflores
11313913@N02||travel1jc
11314268@N00||johnb2008
11314906@N00||bobweasel
11248435@N04||Lotus Carroll
11319376@N00||postal67
11318900@N04||Sarmale / OAyuso
11320210@N02||Mika Marttila
11295891@N00||Mr Exploding
11322498@N00||basurablancaphoto
113300426@N05||archivpfadirheinfelden
11330187@N05||abhinav_sinha
11330566@N07||xingray
11331510@N05||ckngai123
11337739@N03||str84rd
113525674@N04||unkreativer_name
11327807@N02||Brainbitch
11327011@N00||AndreasSchepers
11320646@N05||Asociacion ACA
11331418@N00||laura*b
11331051@N00||Hadi Zaher
11344412@N00||brenda.
11334344@N00||bobtravis
11345504@N08||JulieFaith
11339074@N00||tanjila
113536856@N07||raretrack
11354324@N04||impishfae
11355999@N08||mattred
11352864@N05||Vee-BY
11360885@N07||merriehaskell
11361534@N04||Rob, Joyce, Alex & Nova
11368371@N00||bedlamonbalticavenue
11363370@N02||Steven Beger Photography (Beger.com Productions)
11376246@N03||Tanzen80
11377537@N00||Alexandre Janini
11376310@N00||newformula
11374291@N05||anneh632
113807573@N04||mike_197050
11382092@N03||Knut Nilsen
113830953@N04||F.Kruspel
11374616@N00||Rock Portrait Photography
11381817@N00||BloomCreatives
11381771@N04||Tim Brown Architecture
11384441@N06||Singing With Light
11396993@N00||Patricia W.
11400133@N05||holmes.josh
11393152@N08||nick.sharratt
11393244@N03||Kevin A Jackson
11401580@N03||adaptorplug
11407378@N00||Viola Zuppa (aka Kimari)
11409318@N00||alyak
11402767@N00||sukiweb
11410708@N04||amrox
11397082@N00||Simon Lieschke
114013570@N03||Mac KF4LMT
11414631@N00||oskarlin
11412875@N02||Sortware
11414938@N00||codepo8
11418280@N03||Stephanie Hobson
114183334@N07||charlestonmaritimecenter
11423099@N06||>>Ipak>>
11424719@N08||Daniel Reversat
11427092@N05||Duane Watson
11428563@N03||betsy1112004
11418908@N07||puliarf
11414785@N07||lincolndisplayimages.com
11434691@N07||phil_websurfer
11435257@N07||Slawek's
11436012@N00||Arthur Ivanov
11431278@N07||Simon D. Gardner
11433049@N02||Vicburton
11436606@N02||jerm1386
11436754@N04||i_konst
11437697@N06||benzpics63
11438491@N02||Lucky Mike Rocks
11438926@N00||JoeInSouthernCA
11440689@N03||gtrwndr87
11451426@N00||aalien
114138418@N08||Paul Saad
114539755@N07||frankthewatcher
11452351@N00||Nimages DR
11458780@N00||Peewubblewoo
11462295@N00||Sanghyuk
11463716@N04||Alaska The Band
11464033@N00||Felinux - Cogito ergo boom!
11465109@N00||pumicehead
11465401@N04||abcovey
11466701@N00||GrinGod
11468399@N04||mwmlooking
11468468@N00||zoer
11469357@N00||pricecs
11470794@N02||goldenbicep
11474464@N00||Krxtopher
11483084@N02||dafekt1ve
11483306@N00||rapideye.geo
11483960@N08||TPapi
11493077@N06||Graham Hodgson
11454687@N03||partymonstrrrr
11493860@N02||doublecompile
11496199@N00||superflow
114987656@N06||oliver.tausend
11499994@N07||n_willsey
11473706@N03||Cost3l
11504096@N08||LukeGordon1
11504822@N06||CUBERECKEN
11493299@N00||dany13
11493297@N06||WindwalkerNld
11506038@N08||HRAMIREZ
11506551@N04||vistic
11509922@N07||pogiboipinoi
